 ,Label,Area,Mean,StdDev,Min,Max,Slice
1,22946173.tif:Blue,451,255,0,255,255,3
2,22946173.tif:Blue,299,255,0,255,255,3
3,22946173.tif:Blue,371,255,0,255,255,3
4,22946173.tif:Blue,474,255,0,255,255,3
5,22946173.tif:Blue,313,255,0,255,255,3
6,22946173.tif:Blue,277,255,0,255,255,3
7,22946173.tif:Blue,275,255,0,255,255,3
8,22946173.tif:Blue,309,255,0,255,255,3
9,22946173.tif:Blue,333,255,0,255,255,3
10,22946173.tif:Blue,300,255,0,255,255,3
11,22946173.tif:Blue,349,255,0,255,255,3
12,22946173.tif:Blue,277,255,0,255,255,3
13,22946173.tif:Blue,305,255,0,255,255,3
14,22946173.tif:Blue,302,255,0,255,255,3
15,22946173.tif:Blue,356,255,0,255,255,3
16,22946173.tif:Blue,399,255,0,255,255,3
17,22946173.tif:Blue,347,255,0,255,255,3
18,22946173.tif:Blue,326,255,0,255,255,3
19,22946173.tif:Blue,349,255,0,255,255,3
20,22946173.tif:Blue,302,255,0,255,255,3
21,22946173.tif:Blue,365,255,0,255,255,3
22,22946173.tif:Blue,277,255,0,255,255,3
23,22946173.tif:Blue,383,255,0,255,255,3
24,22946173.tif:Blue,494,255,0,255,255,3
25,22946173.tif:Blue,357,255,0,255,255,3
26,22946173.tif:Blue,435,255,0,255,255,3
27,22946173.tif:Blue,314,255,0,255,255,3
28,22946173.tif:Blue,353,255,0,255,255,3
29,22946173.tif:Blue,356,255,0,255,255,3
30,22946173.tif:Blue,492,255,0,255,255,3
31,22946173.tif:Blue,301,255,0,255,255,3
32,22946173.tif:Blue,300,255,0,255,255,3
33,22946173.tif:Blue,346,255,0,255,255,3
34,22946173.tif:Blue,264,255,0,255,255,3
35,22946173.tif:Blue,279,255,0,255,255,3
36,22946173.tif:Blue,320,255,0,255,255,3
37,22946173.tif:Blue,356,255,0,255,255,3
38,22946173.tif:Blue,360,255,0,255,255,3
39,22946173.tif:Blue,359,255,0,255,255,3
40,22946173.tif:Blue,346,255,0,255,255,3
41,22946173.tif:Blue,241,255,0,255,255,3
42,22946173.tif:Blue,302,255,0,255,255,3
43,22946173.tif:Blue,463,255,0,255,255,3
44,22946173.tif:Blue,498,255,0,255,255,3
45,22946173.tif:Blue,359,255,0,255,255,3
46,22946173.tif:Blue,296,255,0,255,255,3
47,22946173.tif:Blue,362,255,0,255,255,3
48,22946173.tif:Blue,418,255,0,255,255,3
49,22946173.tif:Blue,365,255,0,255,255,3
50,22946173.tif:Blue,299,255,0,255,255,3
51,22946173.tif:Blue,286,255,0,255,255,3
52,22946173.tif:Blue,381,255,0,255,255,3
53,22946173.tif:Blue,359,255,0,255,255,3
54,22946173.tif:Blue,424,255,0,255,255,3
55,22946173.tif:Blue,411,255,0,255,255,3
56,22946173.tif:Blue,458,255,0,255,255,3
57,22946173.tif:Blue,338,255,0,255,255,3
58,22946173.tif:Blue,326,255,0,255,255,3
59,22946173.tif:Blue,406,255,0,255,255,3
60,22946173.tif:Blue,242,255,0,255,255,3
61,22946173.tif:Blue,345,255,0,255,255,3
62,22946173.tif:Blue,329,255,0,255,255,3
63,22946173.tif:Blue,389,255,0,255,255,3
64,22946173.tif:Blue,311,255,0,255,255,3
65,22946173.tif:Blue,295,255,0,255,255,3
66,22946173.tif:Blue,348,255,0,255,255,3
67,22946173.tif:Blue,480,255,0,255,255,3
68,22946173.tif:Blue,362,255,0,255,255,3
69,22946173.tif:Blue,299,255,0,255,255,3
70,22946173.tif:Blue,250,255,0,255,255,3
71,22946173.tif:Blue,438,255,0,255,255,3
72,22946173.tif:Blue,349,255,0,255,255,3
73,22946173.tif:Blue,314,255,0,255,255,3
74,22946173.tif:Blue,340,255,0,255,255,3
75,22946173.tif:Blue,363,255,0,255,255,3
76,22946173.tif:Blue,308,255,0,255,255,3
77,22946173.tif:Blue,439,255,0,255,255,3
78,22946173.tif:Blue,261,255,0,255,255,3
79,22946173.tif:Blue,382,255,0,255,255,3
80,22946173.tif:Blue,265,255,0,255,255,3
81,22946173.tif:Blue,426,255,0,255,255,3
82,22946173.tif:Blue,475,255,0,255,255,3
83,22946173.tif:Blue,211,255,0,255,255,3
84,22946173.tif:Blue,384,255,0,255,255,3
85,22946173.tif:Blue,283,255,0,255,255,3
86,22946173.tif:Blue,342,255,0,255,255,3
87,22946173.tif:Blue,253,255,0,255,255,3
88,22946173.tif:Blue,319,255,0,255,255,3
89,22946173.tif:Blue,320,255,0,255,255,3
90,22946173.tif:Blue,474,255,0,255,255,3
91,22946173.tif:Blue,360,255,0,255,255,3
92,22946173.tif:Blue,392,255,0,255,255,3
93,22946173.tif:Blue,205,255,0,255,255,3
94,22946173.tif:Blue,378,255,0,255,255,3
95,22946173.tif:Blue,337,255,0,255,255,3
96,22946173.tif:Blue,283,255,0,255,255,3
97,22946173.tif:Blue,446,255,0,255,255,3
98,22946173.tif:Blue,363,255,0,255,255,3
99,22946173.tif:Blue,398,255,0,255,255,3
100,22946173.tif:Blue,281,255,0,255,255,3
101,22946173.tif:Blue,318,255,0,255,255,3
102,22946173.tif:Blue,465,255,0,255,255,3
103,22946173.tif:Blue,406,255,0,255,255,3
104,22946173.tif:Blue,412,255,0,255,255,3
105,22946173.tif:Blue,392,255,0,255,255,3
106,22946173.tif:Blue,367,255,0,255,255,3
107,22946173.tif:Blue,251,255,0,255,255,3
108,22946173.tif:Blue,394,255,0,255,255,3
109,22946173.tif:Blue,323,255,0,255,255,3
110,22946173.tif:Blue,421,255,0,255,255,3
111,22946173.tif:Blue,369,255,0,255,255,3
112,22946173.tif:Blue,252,255,0,255,255,3
113,22946173.tif:Blue,270,255,0,255,255,3
114,22946173.tif:Blue,256,255,0,255,255,3
115,22946173.tif:Blue,407,255,0,255,255,3
116,22946173.tif:Blue,338,255,0,255,255,3
117,22946173.tif:Blue,378,255,0,255,255,3
118,22946173.tif:Blue,276,255,0,255,255,3
119,22946173.tif:Blue,435,255,0,255,255,3
120,22946173.tif:Blue,330,255,0,255,255,3
121,22946173.tif:Blue,367,255,0,255,255,3
122,22946173.tif:Blue,464,255,0,255,255,3
123,22946173.tif:Blue,246,255,0,255,255,3
124,22946173.tif:Blue,478,255,0,255,255,3
125,22946173.tif:Blue,267,255,0,255,255,3
126,22946173.tif:Blue,358,255,0,255,255,3
127,22946173.tif:Blue,394,255,0,255,255,3
128,22946173.tif:Blue,349,255,0,255,255,3
129,22946173.tif:Blue,355,255,0,255,255,3
130,22946173.tif:Blue,321,255,0,255,255,3
131,22946173.tif:Blue,185,255,0,255,255,3
132,22946173.tif:Blue,431,255,0,255,255,3
133,22946173.tif:Blue,241,255,0,255,255,3
134,22946173.tif:Blue,163,255,0,255,255,3
135,22946173.tif:Blue,265,255,0,255,255,3
136,22946173.tif:Blue,278,255,0,255,255,3
137,22946173.tif:Blue,381,255,0,255,255,3
138,22946173.tif:Blue,395,255,0,255,255,3
139,22946173.tif:Blue,279,255,0,255,255,3
140,22946173.tif:Blue,337,255,0,255,255,3
141,22946173.tif:Blue,286,255,0,255,255,3
142,22946173.tif:Blue,453,255,0,255,255,3
143,22946173.tif:Blue,389,255,0,255,255,3
144,22946173.tif:Blue,431,255,0,255,255,3
145,22946173.tif:Blue,441,255,0,255,255,3
146,22946173.tif:Blue,480,255,0,255,255,3
147,22946173.tif:Blue,391,255,0,255,255,3
148,22946173.tif:Blue,320,255,0,255,255,3
149,22946173.tif:Blue,326,255,0,255,255,3
150,22946173.tif:Blue,232,255,0,255,255,3
151,22946173.tif:Blue,328,255,0,255,255,3
152,22946173.tif:Blue,301,255,0,255,255,3
153,22946173.tif:Blue,427,255,0,255,255,3
154,22946173.tif:Blue,416,255,0,255,255,3
155,22946173.tif:Blue,290,255,0,255,255,3
156,22946173.tif:Blue,323,255,0,255,255,3
157,22946173.tif:Blue,494,255,0,255,255,3
158,22946173.tif:Blue,289,255,0,255,255,3
159,22946173.tif:Blue,318,255,0,255,255,3
160,22946173.tif:Blue,372,255,0,255,255,3
161,22946173.tif:Blue,388,255,0,255,255,3
162,22946173.tif:Blue,392,255,0,255,255,3
163,22946173.tif:Blue,410,255,0,255,255,3
164,22946173.tif:Blue,338,255,0,255,255,3
165,22946173.tif:Blue,344,255,0,255,255,3
166,22946173.tif:Blue,373,255,0,255,255,3
167,22946173.tif:Blue,275,255,0,255,255,3
168,22946173.tif:Blue,256,255,0,255,255,3
169,22946173.tif:Blue,385,255,0,255,255,3
170,22946173.tif:Blue,371,255,0,255,255,3
171,22946173.tif:Blue,330,255,0,255,255,3
172,22946173.tif:Blue,264,255,0,255,255,3
173,22946173.tif:Blue,389,255,0,255,255,3
174,22946173.tif:Blue,219,255,0,255,255,3
175,22946173.tif:Blue,325,255,0,255,255,3
176,22946173.tif:Blue,373,255,0,255,255,3
177,22946173.tif:Blue,359,255,0,255,255,3
178,22946173.tif:Blue,414,255,0,255,255,3
179,22946173.tif:Blue,387,255,0,255,255,3
180,22946173.tif:Blue,385,255,0,255,255,3
181,22946173.tif:Blue,426,255,0,255,255,3
182,22946173.tif:Blue,490,255,0,255,255,3
183,22946173.tif:Blue,372,255,0,255,255,3
184,22946173.tif:Blue,362,255,0,255,255,3
185,22946173.tif:Blue,452,255,0,255,255,3
186,22946173.tif:Blue,237,255,0,255,255,3
187,22946173.tif:Blue,400,255,0,255,255,3
188,22946173.tif:Blue,380,255,0,255,255,3
189,22946173.tif:Blue,271,255,0,255,255,3
190,22946173.tif:Blue,476,255,0,255,255,3
191,22946173.tif:Blue,309,255,0,255,255,3
192,22946173.tif:Blue,424,255,0,255,255,3
193,22946173.tif:Blue,365,255,0,255,255,3
194,22946173.tif:Blue,363,255,0,255,255,3
195,22946173.tif:Blue,260,255,0,255,255,3
196,22946173.tif:Blue,293,255,0,255,255,3
197,22946173.tif:Blue,353,255,0,255,255,3
198,22946173.tif:Blue,236,255,0,255,255,3
199,22946173.tif:Blue,335,255,0,255,255,3
200,22946173.tif:Blue,347,255,0,255,255,3
201,22946173.tif:Blue,322,255,0,255,255,3
202,22946173.tif:Blue,489,255,0,255,255,3
203,22946173.tif:Blue,249,255,0,255,255,3
204,22946173.tif:Blue,385,255,0,255,255,3
205,22946173.tif:Blue,337,255,0,255,255,3
206,22946173.tif:Blue,448,255,0,255,255,3
207,22946173.tif:Blue,258,255,0,255,255,3
208,22946173.tif:Blue,384,255,0,255,255,3
209,22946173.tif:Blue,412,255,0,255,255,3
210,22946173.tif:Blue,354,255,0,255,255,3
211,22946173.tif:Blue,324,255,0,255,255,3
212,22946173.tif:Blue,397,255,0,255,255,3
213,22946173.tif:Blue,368,255,0,255,255,3
214,22946173.tif:Blue,308,255,0,255,255,3
215,22946173.tif:Blue,355,255,0,255,255,3
216,22946173.tif:Blue,251,255,0,255,255,3
217,22946173.tif:Blue,273,255,0,255,255,3
218,22946173.tif:Blue,298,255,0,255,255,3
219,22946173.tif:Blue,328,255,0,255,255,3
220,22946173.tif:Blue,442,255,0,255,255,3
221,22946173.tif:Blue,272,255,0,255,255,3
222,22946173.tif:Blue,256,255,0,255,255,3
223,22946173.tif:Blue,340,255,0,255,255,3
224,22946173.tif:Blue,250,255,0,255,255,3
225,22946173.tif:Blue,432,255,0,255,255,3
226,22946173.tif:Blue,257,255,0,255,255,3
227,22946173.tif:Blue,316,255,0,255,255,3
228,22946173.tif:Blue,484,255,0,255,255,3
229,22946173.tif:Blue,421,255,0,255,255,3
230,22946173.tif:Blue,214,255,0,255,255,3
231,22946173.tif:Blue,283,255,0,255,255,3
232,22946173.tif:Blue,260,255,0,255,255,3
233,22946173.tif:Blue,290,255,0,255,255,3
234,22946173.tif:Blue,363,255,0,255,255,3
235,22946173.tif:Blue,361,255,0,255,255,3
236,22946173.tif:Blue,397,255,0,255,255,3
237,22946173.tif:Blue,356,255,0,255,255,3
238,22946173.tif:Blue,277,255,0,255,255,3
239,22946173.tif:Blue,373,255,0,255,255,3
240,22946173.tif:Blue,374,255,0,255,255,3
241,22946173.tif:Blue,314,255,0,255,255,3
242,22946173.tif:Blue,403,255,0,255,255,3
243,22946173.tif:Blue,294,255,0,255,255,3
244,22946173.tif:Blue,443,255,0,255,255,3
245,22946173.tif:Blue,261,255,0,255,255,3
246,22946173.tif:Blue,447,255,0,255,255,3
247,22946173.tif:Blue,236,255,0,255,255,3
248,22946173.tif:Blue,382,255,0,255,255,3
249,22946173.tif:Blue,339,255,0,255,255,3
250,22946173.tif:Blue,224,255,0,255,255,3
251,22946173.tif:Blue,445,255,0,255,255,3
252,22946173.tif:Blue,324,255,0,255,255,3
253,22946173.tif:Blue,362,255,0,255,255,3
254,22946173.tif:Blue,285,255,0,255,255,3
255,22946173.tif:Blue,225,255,0,255,255,3
256,22946173.tif:Blue,255,255,0,255,255,3
257,22946173.tif:Blue,243,255,0,255,255,3
258,22946173.tif:Blue,256,255,0,255,255,3
259,22946173.tif:Blue,264,255,0,255,255,3
260,22946173.tif:Blue,257,255,0,255,255,3
261,22946173.tif:Blue,392,255,0,255,255,3
262,22946173.tif:Blue,213,255,0,255,255,3
263,22946173.tif:Blue,252,255,0,255,255,3
264,22946173.tif:Blue,287,255,0,255,255,3
265,22946173.tif:Blue,261,255,0,255,255,3
266,22946173.tif:Blue,274,255,0,255,255,3
267,22946173.tif:Blue,389,255,0,255,255,3
268,22946173.tif:Blue,275,255,0,255,255,3
269,22946173.tif:Blue,359,255,0,255,255,3
270,22946173.tif:Blue,235,255,0,255,255,3
271,22946173.tif:Blue,433,255,0,255,255,3
272,22946173.tif:Blue,231,255,0,255,255,3
273,22946173.tif:Blue,282,255,0,255,255,3
274,22946173.tif:Blue,488,255,0,255,255,3
275,22946173.tif:Blue,356,255,0,255,255,3
276,22946173.tif:Blue,480,255,0,255,255,3
277,22946173.tif:Blue,240,255,0,255,255,3
278,22946173.tif:Blue,258,255,0,255,255,3
279,22946173.tif:Blue,270,255,0,255,255,3
280,22946173.tif:Blue,288,255,0,255,255,3
281,22946173.tif:Blue,309,255,0,255,255,3
282,22946173.tif:Blue,396,255,0,255,255,3
283,22946173.tif:Blue,331,255,0,255,255,3
284,22946173.tif:Blue,402,255,0,255,255,3
285,22946173.tif:Blue,346,255,0,255,255,3
286,22946173.tif:Blue,229,255,0,255,255,3
287,22946173.tif:Blue,226,255,0,255,255,3
288,22946173.tif:Blue,332,255,0,255,255,3
289,22946173.tif:Blue,290,255,0,255,255,3
290,22946173.tif:Blue,387,255,0,255,255,3
291,22946173.tif:Blue,346,255,0,255,255,3
292,22946173.tif:Blue,338,255,0,255,255,3
293,22946173.tif:Blue,241,255,0,255,255,3
294,22946173.tif:Blue,314,255,0,255,255,3
295,22946173.tif:Blue,276,255,0,255,255,3
296,22946173.tif:Blue,304,255,0,255,255,3
297,22946173.tif:Blue,258,255,0,255,255,3
298,22946173.tif:Blue,360,255,0,255,255,3
299,22946173.tif:Blue,232,255,0,255,255,3
300,22946173.tif:Blue,318,255,0,255,255,3
301,22946173.tif:Blue,329,255,0,255,255,3
302,22946173.tif:Blue,351,255,0,255,255,3
303,22946173.tif:Blue,318,255,0,255,255,3
304,22946173.tif:Blue,442,255,0,255,255,3
305,22946173.tif:Blue,323,255,0,255,255,3
306,22946173.tif:Blue,336,255,0,255,255,3
307,22946173.tif:Blue,308,255,0,255,255,3
308,22946173.tif:Blue,152,255,0,255,255,3
309,22946173.tif:Blue,257,255,0,255,255,3
310,22946173.tif:Blue,258,255,0,255,255,3
311,22946173.tif:Blue,401,255,0,255,255,3
312,22946173.tif:Blue,497,255,0,255,255,3
313,22946173.tif:Blue,282,255,0,255,255,3
314,22946173.tif:Blue,314,255,0,255,255,3
315,22946173.tif:Blue,299,255,0,255,255,3
316,22946173.tif:Blue,268,255,0,255,255,3
317,22946173.tif:Blue,164,255,0,255,255,3
318,22946173.tif:Blue,311,255,0,255,255,3
319,22946173.tif:Blue,363,255,0,255,255,3
320,22946173.tif:Blue,263,255,0,255,255,3
321,22946173.tif:Blue,486,255,0,255,255,3
322,22946173.tif:Blue,316,255,0,255,255,3
323,22946173.tif:Blue,280,255,0,255,255,3
324,22946173.tif:Blue,364,255,0,255,255,3
325,22946173.tif:Blue,463,255,0,255,255,3
326,22946173.tif:Blue,358,255,0,255,255,3
327,22946173.tif:Blue,285,255,0,255,255,3
328,22946173.tif:Blue,324,255,0,255,255,3
329,22946173.tif:Blue,311,255,0,255,255,3
330,22946173.tif:Blue,306,255,0,255,255,3
331,22946173.tif:Blue,319,255,0,255,255,3
332,22946173.tif:Blue,298,255,0,255,255,3
333,22946173.tif:Blue,288,255,0,255,255,3
334,22946173.tif:Blue,305,255,0,255,255,3
335,22946173.tif:Blue,305,255,0,255,255,3
336,22946173.tif:Blue,281,255,0,255,255,3
337,22946173.tif:Blue,373,255,0,255,255,3
338,22946173.tif:Blue,367,255,0,255,255,3
339,22946173.tif:Blue,396,255,0,255,255,3
340,22946173.tif:Blue,272,255,0,255,255,3
341,22946173.tif:Blue,361,255,0,255,255,3
342,22946173.tif:Blue,328,255,0,255,255,3
343,22946173.tif:Blue,304,255,0,255,255,3
344,22946173.tif:Blue,463,255,0,255,255,3
345,22946173.tif:Blue,285,255,0,255,255,3
346,22946173.tif:Blue,298,255,0,255,255,3
347,22946173.tif:Blue,300,255,0,255,255,3
348,22946173.tif:Blue,296,255,0,255,255,3
349,22946173.tif:Blue,272,255,0,255,255,3
350,22946173.tif:Blue,324,255,0,255,255,3
351,22946173.tif:Blue,313,255,0,255,255,3
352,22946173.tif:Blue,285,255,0,255,255,3
353,22946173.tif:Blue,297,255,0,255,255,3
354,22946173.tif:Blue,407,255,0,255,255,3
355,22946173.tif:Blue,331,255,0,255,255,3
356,22946173.tif:Blue,269,255,0,255,255,3
357,22946173.tif:Blue,325,255,0,255,255,3
358,22946173.tif:Blue,331,255,0,255,255,3
359,22946173.tif:Blue,295,255,0,255,255,3
360,22946173.tif:Blue,299,255,0,255,255,3
361,22946173.tif:Blue,314,255,0,255,255,3
362,22946173.tif:Blue,364,255,0,255,255,3
363,22946173.tif:Blue,298,255,0,255,255,3
364,22946173.tif:Blue,418,255,0,255,255,3
365,22946173.tif:Blue,436,255,0,255,255,3
366,22946173.tif:Blue,324,255,0,255,255,3
367,22946173.tif:Blue,284,255,0,255,255,3
368,22946173.tif:Blue,462,255,0,255,255,3
369,22946173.tif:Blue,221,255,0,255,255,3
370,22946173.tif:Blue,302,255,0,255,255,3
371,22946173.tif:Blue,303,255,0,255,255,3
372,22946173.tif:Blue,285,255,0,255,255,3
373,22946173.tif:Blue,280,255,0,255,255,3
374,22946173.tif:Blue,285,255,0,255,255,3
375,22946173.tif:Blue,261,255,0,255,255,3
376,22946173.tif:Blue,280,255,0,255,255,3
377,22946173.tif:Blue,321,255,0,255,255,3
378,22946173.tif:Blue,249,255,0,255,255,3
379,22946173.tif:Blue,240,255,0,255,255,3
380,22946173.tif:Blue,358,255,0,255,255,3
381,22946173.tif:Blue,315,255,0,255,255,3
382,22946173.tif:Blue,292,255,0,255,255,3
383,22946173.tif:Blue,330,255,0,255,255,3
384,22946173.tif:Blue,393,255,0,255,255,3
385,22946173.tif:Blue,289,255,0,255,255,3
386,22946173.tif:Blue,393,255,0,255,255,3
387,22946173.tif:Blue,374,255,0,255,255,3
388,22946173.tif:Blue,477,255,0,255,255,3
389,22946173.tif:Blue,302,255,0,255,255,3
390,22946173.tif:Blue,290,255,0,255,255,3
391,22946173.tif:Blue,348,255,0,255,255,3
392,22946173.tif:Blue,286,255,0,255,255,3
393,22946173.tif:Blue,307,255,0,255,255,3
394,22946173.tif:Blue,361,255,0,255,255,3
395,22946173.tif:Blue,338,255,0,255,255,3
396,22946173.tif:Blue,475,255,0,255,255,3
397,22946173.tif:Blue,288,255,0,255,255,3
398,22946173.tif:Blue,327,255,0,255,255,3
399,22946173.tif:Blue,287,255,0,255,255,3
400,22946173.tif:Blue,375,255,0,255,255,3
401,22946173.tif:Blue,292,255,0,255,255,3
402,22946173.tif:Blue,276,255,0,255,255,3
403,22946173.tif:Blue,311,255,0,255,255,3
404,22946173.tif:Blue,304,255,0,255,255,3
405,22946173.tif:Blue,409,255,0,255,255,3
406,22946173.tif:Blue,293,255,0,255,255,3
407,22946173.tif:Blue,302,255,0,255,255,3
408,22946173.tif:Blue,257,255,0,255,255,3
409,22946173.tif:Blue,316,255,0,255,255,3
410,22946173.tif:Blue,291,255,0,255,255,3
411,22946173.tif:Blue,335,255,0,255,255,3
412,22946173.tif:Blue,365,255,0,255,255,3
413,22946173.tif:Blue,300,255,0,255,255,3
414,22946173.tif:Blue,275,255,0,255,255,3
415,22946173.tif:Blue,288,255,0,255,255,3
416,22946173.tif:Blue,270,255,0,255,255,3
417,22946173.tif:Blue,280,255,0,255,255,3
418,22946173.tif:Blue,167,255,0,255,255,3
419,22946173.tif:Blue,320,255,0,255,255,3
420,22946173.tif:Blue,310,255,0,255,255,3
421,22946173.tif:Blue,307,255,0,255,255,3
422,22946173.tif:Blue,269,255,0,255,255,3
423,22946173.tif:Blue,340,255,0,255,255,3
424,22946173.tif:Blue,165,255,0,255,255,3
425,22946173.tif:Blue,312,255,0,255,255,3
426,22946173.tif:Blue,309,255,0,255,255,3
427,22946173.tif:Blue,341,255,0,255,255,3
428,22946173.tif:Blue,373,255,0,255,255,3
429,22946173.tif:Blue,267,255,0,255,255,3
430,22946173.tif:Blue,326,255,0,255,255,3
431,22946173.tif:Blue,274,255,0,255,255,3
432,22946173.tif:Blue,308,255,0,255,255,3
433,22946173.tif:Blue,328,255,0,255,255,3
434,22946173.tif:Blue,320,255,0,255,255,3
435,22946173.tif:Blue,284,255,0,255,255,3
436,22946173.tif:Blue,170,255,0,255,255,3
437,22946173.tif:Blue,390,255,0,255,255,3
438,22946173.tif:Blue,316,255,0,255,255,3
439,22946173.tif:Blue,439,255,0,255,255,3
440,22946173.tif:Blue,353,255,0,255,255,3
441,22946173.tif:Blue,439,255,0,255,255,3
442,22946173.tif:Blue,270,255,0,255,255,3
443,22946173.tif:Blue,357,255,0,255,255,3
444,22946173.tif:Blue,430,255,0,255,255,3
445,22946173.tif:Blue,317,255,0,255,255,3
446,22946173.tif:Blue,281,255,0,255,255,3
447,22946173.tif:Blue,291,255,0,255,255,3
448,22946173.tif:Blue,296,255,0,255,255,3
449,22946173.tif:Blue,305,255,0,255,255,3
450,22946173.tif:Blue,306,255,0,255,255,3
451,22946173.tif:Blue,314,255,0,255,255,3
452,22946173.tif:Blue,298,255,0,255,255,3
453,22946173.tif:Blue,355,255,0,255,255,3
454,22946173.tif:Blue,309,255,0,255,255,3
455,22946173.tif:Blue,411,255,0,255,255,3
456,22946173.tif:Blue,298,255,0,255,255,3
457,22946173.tif:Blue,427,255,0,255,255,3
458,22946173.tif:Blue,397,255,0,255,255,3
459,22946173.tif:Blue,316,255,0,255,255,3
460,22946173.tif:Blue,291,255,0,255,255,3
461,22946173.tif:Blue,459,255,0,255,255,3
462,22946173.tif:Blue,287,255,0,255,255,3
463,22946173.tif:Blue,257,255,0,255,255,3
464,22946173.tif:Blue,339,255,0,255,255,3
465,22946173.tif:Blue,339,255,0,255,255,3
466,22946173.tif:Blue,380,255,0,255,255,3
467,22946173.tif:Blue,333,255,0,255,255,3
468,22946173.tif:Blue,221,255,0,255,255,3
469,22946173.tif:Blue,271,255,0,255,255,3
470,22946173.tif:Blue,269,255,0,255,255,3
471,22946173.tif:Blue,312,255,0,255,255,3
472,22946173.tif:Blue,311,255,0,255,255,3
473,22946173.tif:Blue,370,255,0,255,255,3
474,22946173.tif:Blue,325,255,0,255,255,3
475,22946173.tif:Blue,314,255,0,255,255,3
476,22946173.tif:Blue,491,255,0,255,255,3
477,22946173.tif:Blue,429,255,0,255,255,3
478,22946173.tif:Blue,325,255,0,255,255,3
479,22946173.tif:Blue,278,255,0,255,255,3
480,22946173.tif:Blue,345,255,0,255,255,3
481,22946173.tif:Blue,295,255,0,255,255,3
482,22946173.tif:Blue,213,255,0,255,255,3
483,22946173.tif:Blue,283,255,0,255,255,3
484,22946173.tif:Blue,302,255,0,255,255,3
485,22946173.tif:Blue,287,255,0,255,255,3
486,22946173.tif:Blue,182,255,0,255,255,3
487,22946173.tif:Blue,329,255,0,255,255,3
488,22946173.tif:Blue,274,255,0,255,255,3
489,22946173.tif:Blue,308,255,0,255,255,3
490,22946173.tif:Blue,468,255,0,255,255,3
491,22946173.tif:Blue,282,255,0,255,255,3
492,22946173.tif:Blue,325,255,0,255,255,3
493,22946173.tif:Blue,384,255,0,255,255,3
494,22946173.tif:Blue,231,255,0,255,255,3
495,22946173.tif:Blue,427,255,0,255,255,3
496,22946173.tif:Blue,363,255,0,255,255,3
497,22946173.tif:Blue,412,255,0,255,255,3
498,22946173.tif:Blue,299,255,0,255,255,3
499,22946173.tif:Blue,242,255,0,255,255,3
500,22946173.tif:Blue,385,255,0,255,255,3
501,22946173.tif:Blue,491,255,0,255,255,3
502,22946173.tif:Blue,253,255,0,255,255,3
503,22946173.tif:Blue,283,255,0,255,255,3
504,22946173.tif:Blue,272,255,0,255,255,3
505,22946173.tif:Blue,270,255,0,255,255,3
506,22946173.tif:Blue,499,255,0,255,255,3
507,22946173.tif:Blue,253,255,0,255,255,3
508,22946173.tif:Blue,311,255,0,255,255,3
509,22946173.tif:Blue,294,255,0,255,255,3
510,22946173.tif:Blue,330,255,0,255,255,3
511,22946173.tif:Blue,315,255,0,255,255,3
512,22946173.tif:Blue,456,255,0,255,255,3
513,22946173.tif:Blue,418,255,0,255,255,3
514,22946173.tif:Blue,278,255,0,255,255,3
515,22946173.tif:Blue,317,255,0,255,255,3
516,22946173.tif:Blue,277,255,0,255,255,3
517,22946173.tif:Blue,267,255,0,255,255,3
518,22946173.tif:Blue,281,255,0,255,255,3
519,22946173.tif:Blue,281,255,0,255,255,3
520,22946173.tif:Blue,283,255,0,255,255,3
521,22946173.tif:Blue,310,255,0,255,255,3
522,22946173.tif:Blue,278,255,0,255,255,3
523,22946173.tif:Blue,278,255,0,255,255,3
524,22946173.tif:Blue,255,255,0,255,255,3
525,22946173.tif:Blue,277,255,0,255,255,3
526,22946173.tif:Blue,324,255,0,255,255,3
527,22946173.tif:Blue,271,255,0,255,255,3
528,22946173.tif:Blue,443,255,0,255,255,3
529,22946173.tif:Blue,409,255,0,255,255,3
530,22946173.tif:Blue,292,255,0,255,255,3
531,22946173.tif:Blue,367,255,0,255,255,3
532,22946173.tif:Blue,234,255,0,255,255,3
533,22946173.tif:Blue,317,255,0,255,255,3
534,22946173.tif:Blue,492,255,0,255,255,3
535,22946173.tif:Blue,252,255,0,255,255,3
536,22946173.tif:Blue,283,255,0,255,255,3
537,22946173.tif:Blue,273,255,0,255,255,3
538,22946173.tif:Blue,363,255,0,255,255,3
539,22946173.tif:Blue,299,255,0,255,255,3
540,22946173.tif:Blue,297,255,0,255,255,3
541,22946173.tif:Blue,300,255,0,255,255,3
542,22946173.tif:Blue,353,255,0,255,255,3
543,22946173.tif:Blue,416,255,0,255,255,3
544,22946173.tif:Blue,288,255,0,255,255,3
545,22946173.tif:Blue,264,255,0,255,255,3
546,22946173.tif:Blue,371,255,0,255,255,3
547,22946173.tif:Blue,302,255,0,255,255,3
548,22946173.tif:Blue,288,255,0,255,255,3
549,22946173.tif:Blue,294,255,0,255,255,3
550,22946173.tif:Blue,256,255,0,255,255,3
551,22946173.tif:Blue,265,255,0,255,255,3
552,22946173.tif:Blue,391,255,0,255,255,3
553,22946173.tif:Blue,299,255,0,255,255,3
554,22946173.tif:Blue,257,255,0,255,255,3
555,22946173.tif:Blue,290,255,0,255,255,3
556,22946173.tif:Blue,282,255,0,255,255,3
557,22946173.tif:Blue,303,255,0,255,255,3
558,22946173.tif:Blue,300,255,0,255,255,3
559,22946173.tif:Blue,306,255,0,255,255,3
560,22946173.tif:Blue,270,255,0,255,255,3
561,22946173.tif:Blue,368,255,0,255,255,3
562,22946173.tif:Blue,318,255,0,255,255,3
563,22946173.tif:Blue,288,255,0,255,255,3
564,22946173.tif:Blue,262,255,0,255,255,3
565,22946173.tif:Blue,269,255,0,255,255,3
566,22946173.tif:Blue,251,255,0,255,255,3
567,22946173.tif:Blue,304,255,0,255,255,3
568,22946173.tif:Blue,421,255,0,255,255,3
569,22946173.tif:Blue,228,255,0,255,255,3
570,22946173.tif:Blue,423,255,0,255,255,3
571,22946173.tif:Blue,443,255,0,255,255,3
572,22946173.tif:Blue,281,255,0,255,255,3
573,22946173.tif:Blue,302,255,0,255,255,3
574,22946173.tif:Blue,483,255,0,255,255,3
575,22946173.tif:Blue,481,255,0,255,255,3
576,22946173.tif:Blue,306,255,0,255,255,3
577,22946173.tif:Blue,294,255,0,255,255,3
578,22946173.tif:Blue,279,255,0,255,255,3
579,22946173.tif:Blue,302,255,0,255,255,3
580,22946173.tif:Blue,270,255,0,255,255,3
581,22946173.tif:Blue,300,255,0,255,255,3
582,22946173.tif:Blue,443,255,0,255,255,3
583,22946173.tif:Blue,349,255,0,255,255,3
584,22946173.tif:Blue,393,255,0,255,255,3
585,22946173.tif:Blue,393,255,0,255,255,3
586,22946173.tif:Blue,319,255,0,255,255,3
587,22946173.tif:Blue,283,255,0,255,255,3
588,22946173.tif:Blue,273,255,0,255,255,3
589,22946173.tif:Blue,204,255,0,255,255,3
590,22946173.tif:Blue,307,255,0,255,255,3
591,22946173.tif:Blue,450,255,0,255,255,3
592,22946173.tif:Blue,277,255,0,255,255,3
593,22946173.tif:Blue,267,255,0,255,255,3
594,22946173.tif:Blue,274,255,0,255,255,3
595,22946173.tif:Blue,485,255,0,255,255,3
596,22946173.tif:Blue,286,255,0,255,255,3
597,22946173.tif:Blue,417,255,0,255,255,3
598,22946173.tif:Blue,252,255,0,255,255,3
599,22946173.tif:Blue,268,255,0,255,255,3
600,22946173.tif:Blue,253,255,0,255,255,3
601,22946173.tif:Blue,160,255,0,255,255,3
602,22946173.tif:Blue,326,255,0,255,255,3
603,22946173.tif:Blue,437,255,0,255,255,3
604,22946173.tif:Blue,324,255,0,255,255,3
605,22946173.tif:Blue,293,255,0,255,255,3
606,22946173.tif:Blue,344,255,0,255,255,3
607,22946173.tif:Blue,241,255,0,255,255,3
608,22946173.tif:Blue,493,255,0,255,255,3
609,22946173.tif:Blue,246,255,0,255,255,3
610,22946173.tif:Blue,275,255,0,255,255,3
611,22946173.tif:Blue,321,255,0,255,255,3
612,22946173.tif:Blue,418,255,0,255,255,3
613,22946173.tif:Blue,322,255,0,255,255,3
614,22946173.tif:Blue,322,255,0,255,255,3
615,22946173.tif:Blue,198,255,0,255,255,3
616,22946173.tif:Blue,271,255,0,255,255,3
617,22946173.tif:Blue,333,255,0,255,255,3
618,22946173.tif:Blue,324,255,0,255,255,3
619,22946173.tif:Blue,360,255,0,255,255,3
620,22946173.tif:Blue,282,255,0,255,255,3
621,22946173.tif:Blue,390,255,0,255,255,3
622,22946173.tif:Blue,299,255,0,255,255,3
623,22946173.tif:Blue,420,255,0,255,255,3
624,22946173.tif:Blue,244,255,0,255,255,3
625,22946173.tif:Blue,371,255,0,255,255,3
626,22946173.tif:Blue,272,255,0,255,255,3
627,22946173.tif:Blue,292,255,0,255,255,3
628,22946173.tif:Blue,292,255,0,255,255,3
629,22946173.tif:Blue,326,255,0,255,255,3
630,22946173.tif:Blue,284,255,0,255,255,3
631,22946173.tif:Blue,294,255,0,255,255,3
632,22946173.tif:Blue,295,255,0,255,255,3
633,22946173.tif:Blue,410,255,0,255,255,3
634,22946173.tif:Blue,335,255,0,255,255,3
635,22946173.tif:Blue,367,255,0,255,255,3
636,22946173.tif:Blue,290,255,0,255,255,3
637,22946173.tif:Blue,443,255,0,255,255,3
638,22946173.tif:Blue,323,255,0,255,255,3
639,22946173.tif:Blue,279,255,0,255,255,3
640,22946173.tif:Blue,299,255,0,255,255,3
641,22946173.tif:Blue,251,255,0,255,255,3
642,22946173.tif:Blue,466,255,0,255,255,3
643,22946173.tif:Blue,500,255,0,255,255,3
644,22946173.tif:Blue,303,255,0,255,255,3
645,22946173.tif:Blue,280,255,0,255,255,3
646,22946173.tif:Blue,273,255,0,255,255,3
647,22946173.tif:Blue,233,255,0,255,255,3
648,22946173.tif:Blue,297,255,0,255,255,3
649,22946173.tif:Blue,374,255,0,255,255,3
650,22946173.tif:Blue,368,255,0,255,255,3
651,22946173.tif:Blue,285,255,0,255,255,3
652,22946173.tif:Blue,305,255,0,255,255,3
653,22946173.tif:Blue,367,255,0,255,255,3
654,22946173.tif:Blue,267,255,0,255,255,3
655,22946173.tif:Blue,293,255,0,255,255,3
656,22946173.tif:Blue,289,255,0,255,255,3
657,22946173.tif:Blue,429,255,0,255,255,3
658,22946173.tif:Blue,271,255,0,255,255,3
659,22946173.tif:Blue,287,255,0,255,255,3
660,22946173.tif:Blue,435,255,0,255,255,3
661,22946173.tif:Blue,497,255,0,255,255,3
662,22946173.tif:Blue,276,255,0,255,255,3
663,22946173.tif:Blue,298,255,0,255,255,3
664,22946173.tif:Blue,287,255,0,255,255,3
665,22946173.tif:Blue,307,255,0,255,255,3
666,22946173.tif:Blue,409,255,0,255,255,3
667,22946173.tif:Blue,219,255,0,255,255,3
668,22946173.tif:Blue,325,255,0,255,255,3
669,22946173.tif:Blue,474,255,0,255,255,3
670,22946173.tif:Blue,429,255,0,255,255,3
671,22946173.tif:Blue,185,255,0,255,255,3
672,22946173.tif:Blue,370,255,0,255,255,3
673,22946173.tif:Blue,153,255,0,255,255,3
674,22946173.tif:Blue,265,255,0,255,255,3
675,22946173.tif:Blue,450,255,0,255,255,3
676,22946173.tif:Blue,288,255,0,255,255,3
677,22946173.tif:Blue,307,255,0,255,255,3
678,22946173.tif:Blue,312,255,0,255,255,3
679,22946173.tif:Blue,428,255,0,255,255,3
680,22946173.tif:Blue,350,255,0,255,255,3
681,22946173.tif:Blue,276,255,0,255,255,3
682,22946173.tif:Blue,324,255,0,255,255,3
683,22946173.tif:Blue,338,255,0,255,255,3
684,22946173.tif:Blue,347,255,0,255,255,3
685,22946173.tif:Blue,381,255,0,255,255,3
686,22946173.tif:Blue,309,255,0,255,255,3
687,22946173.tif:Blue,434,255,0,255,255,3
688,22946173.tif:Blue,377,255,0,255,255,3
689,22946173.tif:Blue,383,255,0,255,255,3
690,22946173.tif:Blue,432,255,0,255,255,3
691,22946173.tif:Blue,433,255,0,255,255,3
692,22946173.tif:Blue,326,255,0,255,255,3
693,22946173.tif:Blue,327,255,0,255,255,3
694,22946173.tif:Blue,373,255,0,255,255,3
695,22946173.tif:Blue,157,255,0,255,255,3
696,22946173.tif:Blue,421,255,0,255,255,3
697,22946173.tif:Blue,333,255,0,255,255,3
698,22946173.tif:Blue,312,255,0,255,255,3
699,22946173.tif:Blue,309,255,0,255,255,3
700,22946173.tif:Blue,432,255,0,255,255,3
701,22946173.tif:Blue,259,255,0,255,255,3
702,22946173.tif:Blue,308,255,0,255,255,3
703,22946173.tif:Blue,352,255,0,255,255,3
704,22946173.tif:Blue,285,255,0,255,255,3
705,22946173.tif:Blue,251,255,0,255,255,3
706,22946173.tif:Blue,435,255,0,255,255,3
707,22946173.tif:Blue,369,255,0,255,255,3
708,22946173.tif:Blue,329,255,0,255,255,3
709,22946173.tif:Blue,300,255,0,255,255,3
710,22946173.tif:Blue,305,255,0,255,255,3
711,22946173.tif:Blue,278,255,0,255,255,3
712,22946173.tif:Blue,320,255,0,255,255,3
713,22946173.tif:Blue,325,255,0,255,255,3
714,22946173.tif:Blue,324,255,0,255,255,3
715,22946173.tif:Blue,422,255,0,255,255,3
716,22946173.tif:Blue,304,255,0,255,255,3
717,22946173.tif:Blue,309,255,0,255,255,3
718,22946173.tif:Blue,492,255,0,255,255,3
719,22946173.tif:Blue,329,255,0,255,255,3
720,22946173.tif:Blue,328,255,0,255,255,3
721,22946173.tif:Blue,461,255,0,255,255,3
722,22946173.tif:Blue,334,255,0,255,255,3
723,22946173.tif:Blue,299,255,0,255,255,3
724,22946173.tif:Blue,243,255,0,255,255,3
725,22946173.tif:Blue,329,255,0,255,255,3
726,22946173.tif:Blue,301,255,0,255,255,3
727,22946173.tif:Blue,425,255,0,255,255,3
728,22946173.tif:Blue,466,255,0,255,255,3
729,22946173.tif:Blue,272,255,0,255,255,3
730,22946173.tif:Blue,323,255,0,255,255,3
731,22946173.tif:Blue,462,255,0,255,255,3
732,22946173.tif:Blue,412,255,0,255,255,3
733,22946173.tif:Blue,321,255,0,255,255,3
734,22946173.tif:Blue,325,255,0,255,255,3
735,22946173.tif:Blue,333,255,0,255,255,3
736,22946173.tif:Blue,467,255,0,255,255,3
737,22946173.tif:Blue,255,255,0,255,255,3
738,22946173.tif:Blue,309,255,0,255,255,3
739,22946173.tif:Blue,318,255,0,255,255,3
740,22946173.tif:Blue,312,255,0,255,255,3
741,22946173.tif:Blue,320,255,0,255,255,3
742,22946173.tif:Blue,315,255,0,255,255,3
743,22946173.tif:Blue,323,255,0,255,255,3
744,22946173.tif:Blue,340,255,0,255,255,3
745,22946173.tif:Blue,311,255,0,255,255,3
746,22946173.tif:Blue,288,255,0,255,255,3
747,22946173.tif:Blue,359,255,0,255,255,3
748,22946173.tif:Blue,308,255,0,255,255,3
749,22946173.tif:Blue,410,255,0,255,255,3
750,22946173.tif:Blue,290,255,0,255,255,3
751,22946173.tif:Blue,457,255,0,255,255,3
752,22946173.tif:Blue,297,255,0,255,255,3
753,22946173.tif:Blue,187,255,0,255,255,3
754,22946173.tif:Blue,292,255,0,255,255,3
755,22946173.tif:Blue,280,255,0,255,255,3
756,22946173.tif:Blue,365,255,0,255,255,3
757,22946173.tif:Blue,306,255,0,255,255,3
758,22946173.tif:Blue,331,255,0,255,255,3
759,22946173.tif:Blue,329,255,0,255,255,3
760,22946173.tif:Blue,357,255,0,255,255,3
761,22946173.tif:Blue,338,255,0,255,255,3
762,22946173.tif:Blue,287,255,0,255,255,3
763,22946173.tif:Blue,283,255,0,255,255,3
764,22946173.tif:Blue,449,255,0,255,255,3
765,22946173.tif:Blue,462,255,0,255,255,3
766,22946173.tif:Blue,312,255,0,255,255,3
767,22946173.tif:Blue,325,255,0,255,255,3
768,22946173.tif:Blue,288,255,0,255,255,3
769,22946173.tif:Blue,333,255,0,255,255,3
770,22946173.tif:Blue,204,255,0,255,255,3
771,22946173.tif:Blue,276,255,0,255,255,3
772,22946173.tif:Blue,280,255,0,255,255,3
773,22946173.tif:Blue,299,255,0,255,255,3
774,22946173.tif:Blue,435,255,0,255,255,3
775,22946173.tif:Blue,287,255,0,255,255,3
776,22946173.tif:Blue,347,255,0,255,255,3
777,22946173.tif:Blue,295,255,0,255,255,3
778,22946173.tif:Blue,311,255,0,255,255,3
779,22946173.tif:Blue,353,255,0,255,255,3
780,22946173.tif:Blue,360,255,0,255,255,3
781,22946173.tif:Blue,495,255,0,255,255,3
782,22946173.tif:Blue,307,255,0,255,255,3
783,22946173.tif:Blue,322,255,0,255,255,3
784,22946173.tif:Blue,404,255,0,255,255,3
785,22946173.tif:Blue,488,255,0,255,255,3
786,22946173.tif:Blue,277,255,0,255,255,3
787,22946173.tif:Blue,382,255,0,255,255,3
788,22946173.tif:Blue,287,255,0,255,255,3
789,22946173.tif:Blue,358,255,0,255,255,3
790,22946173.tif:Blue,301,255,0,255,255,3
791,22946173.tif:Blue,261,255,0,255,255,3
792,22946173.tif:Blue,494,255,0,255,255,3
793,22946173.tif:Blue,442,255,0,255,255,3
794,22946173.tif:Blue,338,255,0,255,255,3
795,22946173.tif:Blue,314,255,0,255,255,3
796,22946173.tif:Blue,382,255,0,255,255,3
797,22946173.tif:Blue,302,255,0,255,255,3
798,22946173.tif:Blue,306,255,0,255,255,3
799,22946173.tif:Blue,365,255,0,255,255,3
800,22946173.tif:Blue,291,255,0,255,255,3
801,22946173.tif:Blue,495,255,0,255,255,3
802,22946173.tif:Blue,338,255,0,255,255,3
803,22946173.tif:Blue,469,255,0,255,255,3
804,22946173.tif:Blue,496,255,0,255,255,3
805,22946173.tif:Blue,314,255,0,255,255,3
806,22946173.tif:Blue,326,255,0,255,255,3
807,22946173.tif:Blue,298,255,0,255,255,3
808,22946173.tif:Blue,332,255,0,255,255,3
809,22946173.tif:Blue,445,255,0,255,255,3
810,22946173.tif:Blue,319,255,0,255,255,3
811,22946173.tif:Blue,476,255,0,255,255,3
812,22946173.tif:Blue,320,255,0,255,255,3
813,22946173.tif:Blue,393,255,0,255,255,3
814,22946173.tif:Blue,390,255,0,255,255,3
815,22946173.tif:Blue,316,255,0,255,255,3
816,22946173.tif:Blue,298,255,0,255,255,3
817,22946173.tif:Blue,314,255,0,255,255,3
818,22946173.tif:Blue,442,255,0,255,255,3
819,22946173.tif:Blue,336,255,0,255,255,3
820,22946173.tif:Blue,414,255,0,255,255,3
821,22946173.tif:Blue,296,255,0,255,255,3
822,22946173.tif:Blue,333,255,0,255,255,3
823,22946173.tif:Blue,210,255,0,255,255,3
824,22946173.tif:Blue,310,255,0,255,255,3
825,22946173.tif:Blue,479,255,0,255,255,3
826,22946173.tif:Blue,446,255,0,255,255,3
827,22946173.tif:Blue,316,255,0,255,255,3
828,22946173.tif:Blue,466,255,0,255,255,3
829,22946173.tif:Blue,360,255,0,255,255,3
830,22946173.tif:Blue,470,255,0,255,255,3
831,22946173.tif:Blue,355,255,0,255,255,3
832,22946173.tif:Blue,317,255,0,255,255,3
833,22946173.tif:Blue,305,255,0,255,255,3
834,22946173.tif:Blue,317,255,0,255,255,3
835,22946173.tif:Blue,312,255,0,255,255,3
836,22946173.tif:Blue,344,255,0,255,255,3
837,22946173.tif:Blue,353,255,0,255,255,3
838,22946173.tif:Blue,310,255,0,255,255,3
839,22946173.tif:Blue,391,255,0,255,255,3
840,22946173.tif:Blue,352,255,0,255,255,3
841,22946173.tif:Blue,187,255,0,255,255,3
842,22946173.tif:Blue,318,255,0,255,255,3
843,22946173.tif:Blue,349,255,0,255,255,3
844,22946173.tif:Blue,292,255,0,255,255,3
845,22946173.tif:Blue,332,255,0,255,255,3
846,22946173.tif:Blue,294,255,0,255,255,3
847,22946173.tif:Blue,317,255,0,255,255,3
848,22946173.tif:Blue,316,255,0,255,255,3
849,22946173.tif:Blue,404,255,0,255,255,3
850,22946173.tif:Blue,303,255,0,255,255,3
851,22946173.tif:Blue,378,255,0,255,255,3
852,22946173.tif:Blue,251,255,0,255,255,3
853,22946173.tif:Blue,231,255,0,255,255,3
854,22946173.tif:Blue,295,255,0,255,255,3
855,22946173.tif:Blue,216,255,0,255,255,3
856,22946173.tif:Blue,450,255,0,255,255,3
857,22946173.tif:Blue,313,255,0,255,255,3
858,22946173.tif:Blue,463,255,0,255,255,3
859,22946173.tif:Blue,324,255,0,255,255,3
860,22946173.tif:Blue,328,255,0,255,255,3
861,22946173.tif:Blue,299,255,0,255,255,3
862,22946173.tif:Blue,360,255,0,255,255,3
863,22946173.tif:Blue,318,255,0,255,255,3
864,22946173.tif:Blue,333,255,0,255,255,3
865,22946173.tif:Blue,331,255,0,255,255,3
866,22946173.tif:Blue,329,255,0,255,255,3
867,22946173.tif:Blue,431,255,0,255,255,3
868,22946173.tif:Blue,380,255,0,255,255,3
869,22946173.tif:Blue,322,255,0,255,255,3
870,22946173.tif:Blue,343,255,0,255,255,3
871,22946173.tif:Blue,315,255,0,255,255,3
872,22946173.tif:Blue,334,255,0,255,255,3
873,22946173.tif:Blue,308,255,0,255,255,3
874,22946173.tif:Blue,337,255,0,255,255,3
875,22946173.tif:Blue,343,255,0,255,255,3
876,22946173.tif:Blue,444,255,0,255,255,3
877,22946173.tif:Blue,305,255,0,255,255,3
878,22946173.tif:Blue,316,255,0,255,255,3
879,22946173.tif:Blue,332,255,0,255,255,3
880,22946173.tif:Blue,292,255,0,255,255,3
881,22946173.tif:Blue,388,255,0,255,255,3
882,22946173.tif:Blue,409,255,0,255,255,3
883,22946173.tif:Blue,325,255,0,255,255,3
884,22946173.tif:Blue,330,255,0,255,255,3
885,22946173.tif:Blue,327,255,0,255,255,3
886,22946173.tif:Blue,343,255,0,255,255,3
887,22946173.tif:Blue,296,255,0,255,255,3
888,22946173.tif:Blue,349,255,0,255,255,3
889,22946173.tif:Blue,493,255,0,255,255,3
890,22946173.tif:Blue,333,255,0,255,255,3
891,22946173.tif:Blue,360,255,0,255,255,3
892,22946173.tif:Blue,331,255,0,255,255,3
893,22946173.tif:Blue,467,255,0,255,255,3
894,22946173.tif:Blue,300,255,0,255,255,3
895,22946173.tif:Blue,363,255,0,255,255,3
896,22946173.tif:Blue,343,255,0,255,255,3
897,22946173.tif:Blue,434,255,0,255,255,3
898,22946173.tif:Blue,430,255,0,255,255,3
899,22946173.tif:Blue,344,255,0,255,255,3
900,22946173.tif:Blue,328,255,0,255,255,3
901,22946173.tif:Blue,456,255,0,255,255,3
902,22946173.tif:Blue,314,255,0,255,255,3
903,22946173.tif:Blue,286,255,0,255,255,3
904,22946173.tif:Blue,317,255,0,255,255,3
905,22946173.tif:Blue,272,255,0,255,255,3
906,22946173.tif:Blue,316,255,0,255,255,3
907,22946173.tif:Blue,346,255,0,255,255,3
908,22946173.tif:Blue,489,255,0,255,255,3
909,22946173.tif:Blue,459,255,0,255,255,3
910,22946173.tif:Blue,330,255,0,255,255,3
911,22946173.tif:Blue,291,255,0,255,255,3
912,22946173.tif:Blue,309,255,0,255,255,3
913,22946173.tif:Blue,327,255,0,255,255,3
914,22946173.tif:Blue,466,255,0,255,255,3
915,22946173.tif:Blue,338,255,0,255,255,3
916,22946173.tif:Blue,294,255,0,255,255,3
917,22946173.tif:Blue,412,255,0,255,255,3
918,22946173.tif:Blue,472,255,0,255,255,3
919,22946173.tif:Blue,481,255,0,255,255,3
920,22946173.tif:Blue,342,255,0,255,255,3
921,22946173.tif:Blue,306,255,0,255,255,3
922,22946173.tif:Blue,395,255,0,255,255,3
923,22946173.tif:Blue,358,255,0,255,255,3
924,22946173.tif:Blue,455,255,0,255,255,3
925,22946173.tif:Blue,341,255,0,255,255,3
926,22946173.tif:Blue,491,255,0,255,255,3
927,22946173.tif:Blue,443,255,0,255,255,3
928,22946173.tif:Blue,335,255,0,255,255,3
929,22946173.tif:Blue,325,255,0,255,255,3
930,22946173.tif:Blue,375,255,0,255,255,3
931,22946173.tif:Blue,415,255,0,255,255,3
932,22946173.tif:Blue,415,255,0,255,255,3
933,22946173.tif:Blue,475,255,0,255,255,3
934,22946173.tif:Blue,273,255,0,255,255,3
935,22946173.tif:Blue,307,255,0,255,255,3
936,22946173.tif:Blue,328,255,0,255,255,3
937,22946173.tif:Blue,292,255,0,255,255,3
938,22946173.tif:Blue,317,255,0,255,255,3
939,22946173.tif:Blue,332,255,0,255,255,3
940,22946173.tif:Blue,308,255,0,255,255,3
941,22946173.tif:Blue,282,255,0,255,255,3
942,22946173.tif:Blue,345,255,0,255,255,3
943,22946173.tif:Blue,455,255,0,255,255,3
944,22946173.tif:Blue,497,255,0,255,255,3
945,22946173.tif:Blue,459,255,0,255,255,3
946,22946173.tif:Blue,309,255,0,255,255,3
947,22946173.tif:Blue,410,255,0,255,255,3
948,22946173.tif:Blue,415,255,0,255,255,3
949,22946173.tif:Blue,478,255,0,255,255,3
950,22946173.tif:Blue,343,255,0,255,255,3
951,22946173.tif:Blue,372,255,0,255,255,3
952,22946173.tif:Blue,333,255,0,255,255,3
953,22946173.tif:Blue,475,255,0,255,255,3
954,22946173.tif:Blue,364,255,0,255,255,3
955,22946173.tif:Blue,295,255,0,255,255,3
956,22946173.tif:Blue,308,255,0,255,255,3
957,22946173.tif:Blue,498,255,0,255,255,3
958,22946173.tif:Blue,350,255,0,255,255,3
959,22946173.tif:Blue,403,255,0,255,255,3
960,22946173.tif:Blue,330,255,0,255,255,3
961,22946173.tif:Blue,320,255,0,255,255,3
962,22946173.tif:Blue,275,255,0,255,255,3
963,22946173.tif:Blue,495,255,0,255,255,3
964,22946173.tif:Blue,369,255,0,255,255,3
965,22946173.tif:Blue,464,255,0,255,255,3
966,22946173.tif:Blue,324,255,0,255,255,3
967,22946173.tif:Blue,344,255,0,255,255,3
968,22946173.tif:Blue,437,255,0,255,255,3
969,22946173.tif:Blue,419,255,0,255,255,3
970,22946173.tif:Blue,486,255,0,255,255,3
971,22946173.tif:Blue,375,255,0,255,255,3
972,22946173.tif:Blue,314,255,0,255,255,3
973,22946173.tif:Blue,433,255,0,255,255,3
974,22946173.tif:Blue,321,255,0,255,255,3
975,22946173.tif:Blue,321,255,0,255,255,3
976,22946173.tif:Blue,325,255,0,255,255,3
977,22946173.tif:Blue,303,255,0,255,255,3
978,22946173.tif:Blue,466,255,0,255,255,3
979,22946173.tif:Blue,354,255,0,255,255,3
980,22946173.tif:Blue,462,255,0,255,255,3
981,22946173.tif:Blue,190,255,0,255,255,3
982,22946173.tif:Blue,479,255,0,255,255,3
983,22946173.tif:Blue,403,255,0,255,255,3
984,22946173.tif:Blue,378,255,0,255,255,3
985,22946173.tif:Blue,192,255,0,255,255,3
986,22946173.tif:Blue,287,255,0,255,255,3
987,22946173.tif:Blue,455,255,0,255,255,3
988,22946173.tif:Blue,298,255,0,255,255,3
989,22946173.tif:Blue,314,255,0,255,255,3
990,22946173.tif:Blue,325,255,0,255,255,3
991,22946173.tif:Blue,374,255,0,255,255,3
992,22946173.tif:Blue,290,255,0,255,255,3
993,22946173.tif:Blue,474,255,0,255,255,3
994,22946173.tif:Blue,290,255,0,255,255,3
995,22946173.tif:Blue,200,255,0,255,255,3
996,22946173.tif:Blue,439,255,0,255,255,3
997,22946173.tif:Blue,284,255,0,255,255,3
998,22946173.tif:Blue,309,255,0,255,255,3
999,22946173.tif:Blue,300,255,0,255,255,3
1000,22946173.tif:Blue,286,255,0,255,255,3
1001,22946173.tif:Blue,301,255,0,255,255,3
1002,22946173.tif:Blue,389,255,0,255,255,3
1003,22946173.tif:Blue,465,255,0,255,255,3
1004,22946173.tif:Blue,371,255,0,255,255,3
1005,22946173.tif:Blue,439,255,0,255,255,3
1006,22946173.tif:Blue,328,255,0,255,255,3
1007,22946173.tif:Blue,423,255,0,255,255,3
1008,22946173.tif:Blue,392,255,0,255,255,3
1009,22946173.tif:Blue,264,255,0,255,255,3
1010,22946173.tif:Blue,429,255,0,255,255,3
1011,22946173.tif:Blue,262,255,0,255,255,3
1012,22946173.tif:Blue,272,255,0,255,255,3
1013,22946173.tif:Blue,473,255,0,255,255,3
1014,22946173.tif:Blue,334,255,0,255,255,3
1015,22946173.tif:Blue,380,255,0,255,255,3
1016,22946173.tif:Blue,271,255,0,255,255,3
1017,22946173.tif:Blue,326,255,0,255,255,3
1018,22946173.tif:Blue,453,255,0,255,255,3
1019,22946173.tif:Blue,473,255,0,255,255,3
1020,22946173.tif:Blue,413,255,0,255,255,3
1021,22946173.tif:Blue,276,255,0,255,255,3
1022,22946173.tif:Blue,270,255,0,255,255,3
1023,22946173.tif:Blue,390,255,0,255,255,3
1024,22946173.tif:Blue,345,255,0,255,255,3
1025,22946173.tif:Blue,499,255,0,255,255,3
1026,22946173.tif:Blue,358,255,0,255,255,3
1027,22946173.tif:Blue,302,255,0,255,255,3
1028,22946173.tif:Blue,343,255,0,255,255,3
1029,22946173.tif:Blue,263,255,0,255,255,3
1030,22946173.tif:Blue,320,255,0,255,255,3
1031,22946173.tif:Blue,354,255,0,255,255,3
1032,22946173.tif:Blue,163,255,0,255,255,3
1033,22946173.tif:Blue,307,255,0,255,255,3
1034,22946173.tif:Blue,253,255,0,255,255,3
1035,22946173.tif:Blue,318,255,0,255,255,3
1036,22946173.tif:Blue,312,255,0,255,255,3
1037,22946173.tif:Blue,363,255,0,255,255,3
1038,22946173.tif:Blue,245,255,0,255,255,3
1039,22946173.tif:Blue,310,255,0,255,255,3
1040,22946173.tif:Blue,295,255,0,255,255,3
1041,22946173.tif:Blue,389,255,0,255,255,3
1042,22946173.tif:Blue,292,255,0,255,255,3
1043,22946173.tif:Blue,352,255,0,255,255,3
1044,22946173.tif:Blue,368,255,0,255,255,3
1045,22946173.tif:Blue,323,255,0,255,255,3
1046,22946173.tif:Blue,420,255,0,255,255,3
1047,22946173.tif:Blue,482,255,0,255,255,3
1048,22946173.tif:Blue,316,255,0,255,255,3
1049,22946173.tif:Blue,440,255,0,255,255,3
1050,22946173.tif:Blue,432,255,0,255,255,3
1051,22946173.tif:Blue,499,255,0,255,255,3
1052,22946173.tif:Blue,261,255,0,255,255,3
1053,22946173.tif:Blue,212,255,0,255,255,3
1054,22946173.tif:Blue,434,255,0,255,255,3
1055,22946173.tif:Blue,473,255,0,255,255,3
1056,22946173.tif:Blue,278,255,0,255,255,3
1057,22946173.tif:Blue,361,255,0,255,255,3
1058,22946173.tif:Blue,277,255,0,255,255,3
1059,22946173.tif:Blue,396,255,0,255,255,3
1060,22946173.tif:Blue,179,255,0,255,255,3
1061,22946173.tif:Blue,358,255,0,255,255,3
1062,22946173.tif:Blue,185,255,0,255,255,3
1063,22946173.tif:Blue,304,255,0,255,255,3
1064,22946173.tif:Blue,317,255,0,255,255,3
1065,22946173.tif:Blue,288,255,0,255,255,3
1066,22946173.tif:Blue,384,255,0,255,255,3
1067,22946173.tif:Blue,469,255,0,255,255,3
1068,22946173.tif:Blue,205,255,0,255,255,3
1069,22946173.tif:Blue,439,255,0,255,255,3
1070,22946173.tif:Blue,295,255,0,255,255,3
1071,22946173.tif:Blue,423,255,0,255,255,3
1072,22946173.tif:Blue,412,255,0,255,255,3
1073,22946173.tif:Blue,288,255,0,255,255,3
1074,22946173.tif:Blue,404,255,0,255,255,3
1075,22946173.tif:Blue,296,255,0,255,255,3
1076,22946173.tif:Blue,251,255,0,255,255,3
1077,22946173.tif:Blue,367,255,0,255,255,3
1078,22946173.tif:Blue,419,255,0,255,255,3
1079,22946173.tif:Blue,487,255,0,255,255,3
1080,22946173.tif:Blue,445,255,0,255,255,3
1081,22946173.tif:Blue,307,255,0,255,255,3
1082,22946173.tif:Blue,500,255,0,255,255,3
1083,22946173.tif:Blue,379,255,0,255,255,3
1084,22946173.tif:Blue,289,255,0,255,255,3
1085,22946173.tif:Blue,413,255,0,255,255,3
1086,22946173.tif:Blue,260,255,0,255,255,3
1087,22946173.tif:Blue,412,255,0,255,255,3
1088,22946173.tif:Blue,292,255,0,255,255,3
1089,22946173.tif:Blue,285,255,0,255,255,3
1090,22946173.tif:Blue,281,255,0,255,255,3
1091,22946173.tif:Blue,360,255,0,255,255,3
1092,22946173.tif:Blue,298,255,0,255,255,3
1093,22946173.tif:Blue,275,255,0,255,255,3
1094,22946173.tif:Blue,425,255,0,255,255,3
1095,22946173.tif:Blue,300,255,0,255,255,3
1096,22946173.tif:Blue,329,255,0,255,255,3
1097,22946173.tif:Blue,382,255,0,255,255,3
1098,22946173.tif:Blue,303,255,0,255,255,3
1099,22946173.tif:Blue,493,255,0,255,255,3
1100,22946173.tif:Blue,283,255,0,255,255,3
1101,22946173.tif:Blue,486,255,0,255,255,3
1102,22946173.tif:Blue,320,255,0,255,255,3
1103,22946173.tif:Blue,300,255,0,255,255,3
1104,22946173.tif:Blue,289,255,0,255,255,3
1105,22946173.tif:Blue,488,255,0,255,255,3
1106,22946173.tif:Blue,303,255,0,255,255,3
1107,22946173.tif:Blue,290,255,0,255,255,3
1108,22946173.tif:Blue,319,255,0,255,255,3
1109,22946173.tif:Blue,349,255,0,255,255,3
1110,22946173.tif:Blue,365,255,0,255,255,3
1111,22946173.tif:Blue,319,255,0,255,255,3
1112,22946173.tif:Blue,361,255,0,255,255,3
1113,22946173.tif:Blue,430,255,0,255,255,3
1114,22946173.tif:Blue,292,255,0,255,255,3
1115,22946173.tif:Blue,313,255,0,255,255,3
1116,22946173.tif:Blue,287,255,0,255,255,3
1117,22946173.tif:Blue,352,255,0,255,255,3
1118,22946173.tif:Blue,282,255,0,255,255,3
1119,22946173.tif:Blue,326,255,0,255,255,3
1120,22946173.tif:Blue,420,255,0,255,255,3
1121,22946173.tif:Blue,300,255,0,255,255,3
1122,22946173.tif:Blue,384,255,0,255,255,3
1123,22946173.tif:Blue,419,255,0,255,255,3
1124,22946173.tif:Blue,315,255,0,255,255,3
1125,22946173.tif:Blue,64,255,0,255,255,3
1126,22946173.tif:Blue,308,255,0,255,255,3
1127,22946173.tif:Blue,358,255,0,255,255,3
1128,22946173.tif:Blue,328,255,0,255,255,3
1129,22946173.tif:Blue,330,255,0,255,255,3
1130,22946173.tif:Blue,371,255,0,255,255,3
1131,22946173.tif:Blue,310,255,0,255,255,3
1132,22946173.tif:Blue,276,255,0,255,255,3
1133,22946173.tif:Blue,428,255,0,255,255,3
1134,22946173.tif:Blue,323,255,0,255,255,3
1135,22946173.tif:Blue,311,255,0,255,255,3
1136,22946173.tif:Blue,410,255,0,255,255,3
1137,22946173.tif:Blue,332,255,0,255,255,3
1138,22946173.tif:Blue,378,255,0,255,255,3
1139,22946173.tif:Blue,357,255,0,255,255,3
1140,22946173.tif:Blue,438,255,0,255,255,3
1141,22946173.tif:Blue,329,255,0,255,255,3
1142,22946173.tif:Blue,337,255,0,255,255,3
1143,22946173.tif:Blue,265,255,0,255,255,3
1144,22946173.tif:Blue,320,255,0,255,255,3
1145,22946173.tif:Blue,490,255,0,255,255,3
1146,22946173.tif:Blue,291,255,0,255,255,3
1147,22946173.tif:Blue,395,255,0,255,255,3
1148,22946173.tif:Blue,464,255,0,255,255,3
1149,22946173.tif:Blue,326,255,0,255,255,3
1150,22946173.tif:Blue,365,255,0,255,255,3
1151,22946173.tif:Blue,364,255,0,255,255,3
1152,22946173.tif:Blue,431,255,0,255,255,3
1153,22946173.tif:Blue,426,255,0,255,255,3
1154,22946173.tif:Blue,340,255,0,255,255,3
1155,22946173.tif:Blue,312,255,0,255,255,3
1156,22946173.tif:Blue,313,255,0,255,255,3
1157,22946173.tif:Blue,326,255,0,255,255,3
1158,22946173.tif:Blue,315,255,0,255,255,3
1159,22946173.tif:Blue,362,255,0,255,255,3
1160,22946173.tif:Blue,376,255,0,255,255,3
1161,22946173.tif:Blue,348,255,0,255,255,3
1162,22946173.tif:Blue,452,255,0,255,255,3
1163,22946173.tif:Blue,307,255,0,255,255,3
1164,22946173.tif:Blue,287,255,0,255,255,3
1165,22946173.tif:Blue,302,255,0,255,255,3
1166,22946173.tif:Blue,314,255,0,255,255,3
1167,22946173.tif:Blue,390,255,0,255,255,3
1168,22946173.tif:Blue,306,255,0,255,255,3
1169,22946173.tif:Blue,321,255,0,255,255,3
1170,22946173.tif:Blue,486,255,0,255,255,3
1171,22946173.tif:Blue,445,255,0,255,255,3
1172,22946173.tif:Blue,376,255,0,255,255,3
1173,22946173.tif:Blue,396,255,0,255,255,3
1174,22946173.tif:Blue,338,255,0,255,255,3
1175,22946173.tif:Blue,422,255,0,255,255,3
1176,22946173.tif:Blue,321,255,0,255,255,3
1177,22946173.tif:Blue,380,255,0,255,255,3
1178,22946173.tif:Blue,326,255,0,255,255,3
1179,22946173.tif:Blue,298,255,0,255,255,3
1180,22946173.tif:Blue,378,255,0,255,255,3
1181,22946173.tif:Blue,225,255,0,255,255,3
1182,22946173.tif:Blue,317,255,0,255,255,3
1183,22946173.tif:Blue,441,255,0,255,255,3
1184,22946173.tif:Blue,402,255,0,255,255,3
1185,22946173.tif:Blue,309,255,0,255,255,3
1186,22946173.tif:Blue,372,255,0,255,255,3
1187,22946173.tif:Blue,379,255,0,255,255,3
1188,22946173.tif:Blue,455,255,0,255,255,3
1189,22946173.tif:Blue,227,255,0,255,255,3
1190,22946173.tif:Blue,484,255,0,255,255,3
1191,22946173.tif:Blue,321,255,0,255,255,3
1192,22946173.tif:Blue,319,255,0,255,255,3
1193,22946173.tif:Blue,356,255,0,255,255,3
1194,22946173.tif:Blue,370,255,0,255,255,3
1195,22946173.tif:Blue,319,255,0,255,255,3
1196,22946173.tif:Blue,428,255,0,255,255,3
1197,22946173.tif:Blue,340,255,0,255,255,3
1198,22946173.tif:Blue,321,255,0,255,255,3
1199,22946173.tif:Blue,328,255,0,255,255,3
1200,22946173.tif:Blue,341,255,0,255,255,3
1201,22946173.tif:Blue,338,255,0,255,255,3
1202,22946173.tif:Blue,280,255,0,255,255,3
1203,22946173.tif:Blue,316,255,0,255,255,3
1204,22946173.tif:Blue,321,255,0,255,255,3
1205,22946173.tif:Blue,310,255,0,255,255,3
1206,22946173.tif:Blue,457,255,0,255,255,3
1207,22946173.tif:Blue,398,255,0,255,255,3
1208,22946173.tif:Blue,369,255,0,255,255,3
1209,22946173.tif:Blue,304,255,0,255,255,3
1210,22946173.tif:Blue,390,255,0,255,255,3
1211,22946173.tif:Blue,302,255,0,255,255,3
1212,22946173.tif:Blue,352,255,0,255,255,3
1213,22946173.tif:Blue,316,255,0,255,255,3
1214,22946173.tif:Blue,295,255,0,255,255,3
1215,22946173.tif:Blue,349,255,0,255,255,3
1216,22946173.tif:Blue,343,255,0,255,255,3
1217,22946173.tif:Blue,370,255,0,255,255,3
1218,22946173.tif:Blue,318,255,0,255,255,3
1219,22946173.tif:Blue,363,255,0,255,255,3
1220,22946173.tif:Blue,447,255,0,255,255,3
1221,22946173.tif:Blue,445,255,0,255,255,3
1222,22946173.tif:Blue,357,255,0,255,255,3
1223,22946173.tif:Blue,290,255,0,255,255,3
1224,22946173.tif:Blue,313,255,0,255,255,3
1225,22946173.tif:Blue,434,255,0,255,255,3
1226,22946173.tif:Blue,353,255,0,255,255,3
1227,22946173.tif:Blue,399,255,0,255,255,3
1228,22946173.tif:Blue,421,255,0,255,255,3
1229,22946173.tif:Blue,406,255,0,255,255,3
1230,22946173.tif:Blue,426,255,0,255,255,3
1231,22946173.tif:Blue,454,255,0,255,255,3
1232,22946173.tif:Blue,178,255,0,255,255,3
1233,22946173.tif:Blue,412,255,0,255,255,3
1234,22946173.tif:Blue,498,255,0,255,255,3
1235,22946173.tif:Blue,298,255,0,255,255,3
1236,22946173.tif:Blue,380,255,0,255,255,3
1237,22946173.tif:Blue,342,255,0,255,255,3
1238,22946173.tif:Blue,334,255,0,255,255,3
1239,22946173.tif:Blue,427,255,0,255,255,3
1240,22946173.tif:Blue,398,255,0,255,255,3
1241,22946173.tif:Blue,356,255,0,255,255,3
1242,22946173.tif:Blue,449,255,0,255,255,3
1243,22946173.tif:Blue,337,255,0,255,255,3
1244,22946173.tif:Blue,313,255,0,255,255,3
1245,22946173.tif:Blue,472,255,0,255,255,3
1246,22946173.tif:Blue,486,255,0,255,255,3
1247,22946173.tif:Blue,383,255,0,255,255,3
1248,22946173.tif:Blue,352,255,0,255,255,3
1249,22946173.tif:Blue,492,255,0,255,255,3
1250,22946173.tif:Blue,341,255,0,255,255,3
1251,22946173.tif:Blue,361,255,0,255,255,3
1252,22946173.tif:Blue,442,255,0,255,255,3
1253,22946173.tif:Blue,368,255,0,255,255,3
1254,22946173.tif:Blue,316,255,0,255,255,3
1255,22946173.tif:Blue,362,255,0,255,255,3
1256,22946173.tif:Blue,329,255,0,255,255,3
1257,22946173.tif:Blue,361,255,0,255,255,3
1258,22946173.tif:Blue,457,255,0,255,255,3
1259,22946173.tif:Blue,397,255,0,255,255,3
1260,22946173.tif:Blue,380,255,0,255,255,3
1261,22946173.tif:Blue,205,255,0,255,255,3
1262,22946173.tif:Blue,214,255,0,255,255,3
1263,22946173.tif:Blue,370,255,0,255,255,3
1264,22946173.tif:Blue,492,255,0,255,255,3
1265,22946173.tif:Blue,419,255,0,255,255,3
1266,22946173.tif:Blue,389,255,0,255,255,3
1267,22946173.tif:Blue,325,255,0,255,255,3
1268,22946173.tif:Blue,353,255,0,255,255,3
1269,22946173.tif:Blue,421,255,0,255,255,3
1270,22946173.tif:Blue,415,255,0,255,255,3
1271,22946173.tif:Blue,378,255,0,255,255,3
1272,22946173.tif:Blue,399,255,0,255,255,3
1273,22946173.tif:Blue,315,255,0,255,255,3
1274,22946173.tif:Blue,325,255,0,255,255,3
1275,22946173.tif:Blue,428,255,0,255,255,3
1276,22946173.tif:Blue,253,255,0,255,255,3
1277,22946173.tif:Blue,358,255,0,255,255,3
1278,22946173.tif:Blue,353,255,0,255,255,3
1279,22946173.tif:Blue,331,255,0,255,255,3
1280,22946173.tif:Blue,390,255,0,255,255,3
1281,22946173.tif:Blue,273,255,0,255,255,3
1282,22946173.tif:Blue,403,255,0,255,255,3
1283,22946173.tif:Blue,422,255,0,255,255,3
1284,22946173.tif:Blue,400,255,0,255,255,3
1285,22946173.tif:Blue,418,255,0,255,255,3
1286,22946173.tif:Blue,282,255,0,255,255,3
1287,22946173.tif:Blue,302,255,0,255,255,3
1288,22946173.tif:Blue,411,255,0,255,255,3
1289,22946173.tif:Blue,387,255,0,255,255,3
1290,22946173.tif:Blue,280,255,0,255,255,3
1291,22946173.tif:Blue,360,255,0,255,255,3
1292,22946173.tif:Blue,353,255,0,255,255,3
1293,22946173.tif:Blue,355,255,0,255,255,3
1294,22946173.tif:Blue,406,255,0,255,255,3
1295,22946173.tif:Blue,414,255,0,255,255,3
1296,22946173.tif:Blue,401,255,0,255,255,3
1297,22946173.tif:Blue,403,255,0,255,255,3
1298,22946173.tif:Blue,416,255,0,255,255,3
1299,22946173.tif:Blue,339,255,0,255,255,3
1300,22946173.tif:Blue,400,255,0,255,255,3
1301,22946173.tif:Blue,397,255,0,255,255,3
1302,22946173.tif:Blue,363,255,0,255,255,3
1303,22946173.tif:Blue,382,255,0,255,255,3
1304,22946173.tif:Blue,395,255,0,255,255,3
1305,22946173.tif:Blue,393,255,0,255,255,3
1306,22946173.tif:Blue,416,255,0,255,255,3
1307,22946173.tif:Blue,376,255,0,255,255,3
1308,22946173.tif:Blue,482,255,0,255,255,3
1309,22946173.tif:Blue,493,255,0,255,255,3
1310,22946173.tif:Blue,335,255,0,255,255,3
1311,22946173.tif:Blue,348,255,0,255,255,3
1312,22946173.tif:Blue,375,255,0,255,255,3
1313,22946173.tif:Blue,366,255,0,255,255,3
1314,22946173.tif:Blue,377,255,0,255,255,3
1315,22946173.tif:Blue,400,255,0,255,255,3
1316,22946173.tif:Blue,335,255,0,255,255,3
1317,22946173.tif:Blue,348,255,0,255,255,3
1318,22946173.tif:Blue,489,255,0,255,255,3
1319,22946173.tif:Blue,355,255,0,255,255,3
1320,22946173.tif:Blue,354,255,0,255,255,3
1321,22946173.tif:Blue,464,255,0,255,255,3
1322,22946173.tif:Blue,497,255,0,255,255,3
1323,22946173.tif:Blue,322,255,0,255,255,3
1324,22946173.tif:Blue,333,255,0,255,255,3
1325,22946173.tif:Blue,363,255,0,255,255,3
1326,22946173.tif:Blue,349,255,0,255,255,3
1327,22946173.tif:Blue,430,255,0,255,255,3
1328,22946173.tif:Blue,355,255,0,255,255,3
1329,22946173.tif:Blue,344,255,0,255,255,3
1330,22946173.tif:Blue,383,255,0,255,255,3
1331,22946173.tif:Blue,470,255,0,255,255,3
1332,22946173.tif:Blue,347,255,0,255,255,3
1333,22946173.tif:Blue,401,255,0,255,255,3
1334,22946173.tif:Blue,367,255,0,255,255,3
1335,22946173.tif:Blue,451,255,0,255,255,3
1336,22946173.tif:Blue,487,255,0,255,255,3
1337,22946173.tif:Blue,362,255,0,255,255,3
1338,22946173.tif:Blue,460,255,0,255,255,3
1339,22946173.tif:Blue,370,255,0,255,255,3
1340,22946173.tif:Blue,409,255,0,255,255,3
1341,22946173.tif:Blue,430,255,0,255,255,3
1342,22946173.tif:Blue,390,255,0,255,255,3
1343,22946173.tif:Blue,343,255,0,255,255,3
1344,22946173.tif:Blue,491,255,0,255,255,3
1345,22946173.tif:Blue,356,255,0,255,255,3
1346,22946173.tif:Blue,332,255,0,255,255,3
1347,22946173.tif:Blue,385,255,0,255,255,3
1348,22946173.tif:Blue,433,255,0,255,255,3
1349,22946173.tif:Blue,402,255,0,255,255,3
1350,22946173.tif:Blue,372,255,0,255,255,3
1351,22946173.tif:Blue,432,255,0,255,255,3
1352,22946173.tif:Blue,369,255,0,255,255,3
1353,22946173.tif:Blue,389,255,0,255,255,3
1354,22946173.tif:Blue,398,255,0,255,255,3
1355,22946173.tif:Blue,345,255,0,255,255,3
1356,22946173.tif:Blue,406,255,0,255,255,3
1357,22946173.tif:Blue,381,255,0,255,255,3
1358,22946173.tif:Blue,315,255,0,255,255,3
1359,22946173.tif:Blue,390,255,0,255,255,3
1360,22946173.tif:Blue,413,255,0,255,255,3
1361,22946173.tif:Blue,480,255,0,255,255,3
1362,22946173.tif:Blue,390,255,0,255,255,3
1363,22946173.tif:Blue,382,255,0,255,255,3
1364,22946173.tif:Blue,444,255,0,255,255,3
1365,22946173.tif:Blue,416,255,0,255,255,3
1366,22946173.tif:Blue,401,255,0,255,255,3
1367,22946173.tif:Blue,380,255,0,255,255,3
1368,22946173.tif:Blue,456,255,0,255,255,3
1369,22946173.tif:Blue,271,255,0,255,255,3
1370,22946173.tif:Blue,401,255,0,255,255,3
1371,22946173.tif:Blue,396,255,0,255,255,3
1372,22946173.tif:Blue,443,255,0,255,255,3
1373,22946173.tif:Blue,361,255,0,255,255,3
1374,22946173.tif:Blue,407,255,0,255,255,3
1375,22946173.tif:Blue,432,255,0,255,255,3
1376,22946173.tif:Blue,422,255,0,255,255,3
1377,22946173.tif:Blue,382,255,0,255,255,3
1378,22946173.tif:Blue,363,255,0,255,255,3
1379,22946173.tif:Blue,396,255,0,255,255,3
1380,22946173.tif:Blue,283,255,0,255,255,3
1381,22946173.tif:Blue,246,255,0,255,255,3
1382,22946173.tif:Blue,410,255,0,255,255,3
1383,22946173.tif:Blue,238,255,0,255,255,3
1384,22946173.tif:Blue,391,255,0,255,255,3
1385,22946173.tif:Blue,372,255,0,255,255,3
1386,22946173.tif:Blue,388,255,0,255,255,3
1387,22946173.tif:Blue,418,255,0,255,255,3
1388,22946173.tif:Blue,370,255,0,255,255,3
1389,22946173.tif:Blue,336,255,0,255,255,3
1390,22946173.tif:Blue,294,255,0,255,255,3
1391,22946173.tif:Blue,383,255,0,255,255,3
1392,22946173.tif:Blue,376,255,0,255,255,3
1393,22946173.tif:Blue,417,255,0,255,255,3
1394,22946173.tif:Blue,473,255,0,255,255,3
1395,22946173.tif:Blue,255,255,0,255,255,3
1396,22946173.tif:Blue,488,255,0,255,255,3
1397,22946173.tif:Blue,424,255,0,255,255,3
1398,22946173.tif:Blue,307,255,0,255,255,3
1399,22946173.tif:Blue,296,255,0,255,255,3
